模型,MSE,RMSE (pt),MAE (pt),MAPE (%),最大誤差 (pt),最小誤差 (pt),誤差標準差 (pt),Q25 誤差 (pt),Q75 誤差 (pt),Q95 誤差 (pt),過估比例 (%),低估比例 (%),方向準確率 (%),相關係數 (r),R² (決定係數)
XGBoost,234014.019042,483.749955,374.192115,5.743875,923.902344,0.321289,356.147789,88.644165,685.010742,875.909668,17.741935,82.258065,51.012146,0.759612,0.577010
Random Forest,260234.969442,510.132306,409.379205,6.306315,945.153874,6.248892,348.895502,127.126718,719.603480,902.358981,13.306452,86.693548,59.919028,0.847653,0.718516
